seq_id,tm
31390,1168.2558110408042
31391,1548.9125995061468
31392,578.0294082728999
31393,916.9137621182383
31394,1183.9132005449364
31395,1303.9302958792125
31396,1471.828236470286
31397,1389.0256036136243
31398,1813.7936436410894
31399,1558.0225128481031
31400,1360.3905182151416
31401,1394.9030757031524
31402,1213.83086540243
31403,575.093973550746
31404,1521.096039177452
31405,1689.2274195904733
31406,1525.7926127137605
31407,1578.1282466959308
31408,1612.7755685520647
31409,1398.9923626061209
31410,1434.4256000547223
31411,1852.657105024671
31412,1389.2251639698848
31413,1118.7433603217976
31414,865.9120490198428
31415,2006.8902737619287
31416,1858.464992026512
31417,1485.1636761398802
31418,1485.9129141603125
31419,1622.5252914893601
31420,1331.8333970399572
31421,1303.4484835383653
31422,1508.1041872452324
31423,1283.449500698392
31424,1539.325569780104
31425,1845.8703014319558
31426,1631.6907724938478
31427,1468.8131706163394
31428,1241.7406806853073
31429,671.8749900328102
31430,894.5901580551016
31431,514.2263804950164
31432,523.7034254736352
31433,1629.362907331956
31434,1717.6234574971352
31435,1630.682466171774
31436,1413.7655361612844
31437,1641.0367676037615
31438,1387.6106197983001
31439,1253.7729443483233
31440,1588.866711118512
31441,1232.7871866212388
31442,1468.3641017629864
31443,1753.932201643342
31444,1267.7364787969145
31445,1427.0687067742483
31446,537.1144227319685
31447,1453.701773235041
31448,1921.7262240418218
31449,1799.325972326581
31450,2060.3574736252413
31451,1386.6701039623194
31452,1407.3950838552946
31453,1931.9073325922188
31454,2077.658306028835
31455,1641.2168420498347
31456,1926.7873389408323
31457,1513.5847901654688
31458,1919.284678191799
31459,1672.3281009431453
31460,481.40081030546213
31461,1739.053582266442
31462,1477.6661750045787
31463,1754.0804570480348
31464,1499.0823048196812
31465,1912.99189637023
31466,1827.905391815693
31467,1580.110404478727
31468,868.8035048598596
31469,834.4189965438036
31470,485.45486429894913
31471,486.9444559122727
31472,595.0575233324978
31473,614.5183617486111
31474,378.29653601805364
31475,680.611735050995
31476,594.1203842322058
31477,378.4686175916949
31478,752.9355501804968
31479,1394.7931823634674
31480,453.1891342150754
31481,720.5689914564226
31482,1354.7780839627235
31483,1268.3355440946832
31484,1400.8851467976383
31485,921.0565311705427
31486,1745.423409650783
31487,1248.8654590984308
31488,1192.9824059580399
31489,1735.9511487523966
31490,543.8163562301054
31491,483.2071230377811
31492,1468.9140192865823
31493,1630.9288118530976
31494,1236.6279634052241
31495,523.6190647151723
31496,1510.526832162717
31497,1293.7035638463044
31498,1743.4350168352075
31499,1013.9029484158937
31500,1651.3958435021614
31501,1297.1484066088726
31502,946.0762872281233
31503,1791.4514577472878
31504,988.8491111878315
31505,1523.2926513189914
31506,2016.0200632510564
31507,1431.2420887392195
31508,1389.7764488751409
31509,1853.6784650686238
31510,1395.9791071299862
31511,1987.7535593594607
31512,1899.0286763286483
31513,1773.101271050065
31514,1288.3884690767136
31515,1510.5356819057142
31516,400.83867885712016
31517,1226.2032435066626
31518,1003.6605067575232
31519,886.7879603665233
31520,1184.8460789830035
31521,1286.8510055814186
31522,865.3607878278361
31523,1065.6669826993946
31524,1574.9714159589444
31525,1075.546096577723
31526,729.1108581018149
31527,891.5775527366269
31528,371.6061054999202
31529,636.2978807134126
31530,300.61046065376127
31531,210.6503346620695
31532,351.5961276975755
31533,565.341590498494
31534,431.72670489307046
31535,565.8129050898572
31536,457.6432346360582
31537,119.3720729708193
31538,404.1489523724846
31539,102.86734737638538
31540,131.10388395531652
31541,358.86816594066147
31542,74.09876937788435
31543,300.12133980444486
31544,381.35433174369115
31545,116.94716001005378
31546,536.4524725941136
31547,278.09646558246095
31548,84.17525296625097
31549,389.3889675568242
31550,223.31690366377384
31551,279.79608452381416
31552,569.5437327973689
31553,128.32786937251026
31554,190.99551354098992
31555,758.385766300377
31556,339.0872208228188
31557,587.1834554915029
31558,471.5136952412567
31559,95.86318582692898
31560,142.6457276008964
31561,900.9368978100181
31562,170.72082623220845
31563,385.5923837213356
31564,1309.1747225115384
31565,1110.7000137685764
31566,1479.9118386278158
31567,866.4594571605601
31568,1111.5923510604484
31569,781.4449252194115
31570,1134.9429557906349
31571,640.4607708881313
31572,1064.3604606589845
31573,967.7584030256927
31574,1039.504022781865
31575,805.9909503434616
31576,1150.2445916732997
31577,803.866557385676
31578,885.5894038883491
31579,1541.3946200243367
31580,1007.4989379477212
31581,1522.860665847119
31582,950.1046394434076
31583,1257.776603514074
31584,1504.0205029647993
31585,1738.549096845478
31586,952.4048163026685
31587,1168.4306966340177
31588,222.1017274495008
31589,259.109244672702
31590,276.03468941915054
31591,227.8936998062546
31592,387.79806466943165
31593,831.2465875074257
31594,273.6495521880224
31595,182.91540079228233
31596,305.2410903950454
31597,852.8607896024135
31598,514.4257841026954
31599,80.97015361278908
31600,132.2084058669684
31601,882.4057899521913
31602,310.98961755781494
31603,1105.6373748921549
31604,868.677087930491
31605,1045.194859994152
31606,944.4777088317092
31607,662.5720845261902
31608,997.3618760890786
31609,1292.577497856694
31610,1057.2622479857787
31611,1317.290999328384
31612,1061.4742948029916
31613,643.6425945296472
31614,1263.9955953085835
31615,732.5329064569553
31616,1015.5710363892694
31617,1028.4758618403987
31618,1076.3221075150645
31619,898.0543813575601
31620,1250.5057725010736
31621,1106.3347721688592
31622,1569.4723638394087
31623,1046.1221482848796
31624,1416.58932625686
31625,1075.8934126947913
31626,968.40546329455
31627,1303.8298633032998
31628,544.7479922347337
31629,933.4494466155932
31630,452.4549368552996
31631,384.7143729581381
31632,1162.3862726066332
31633,368.3215439990831
31634,461.8792619252072
31635,415.1313669374925
31636,443.091149437056
31637,468.3044671217998
31638,763.8859373040527
31639,998.3749780674482
31640,927.7958723124127
31641,1324.74098138499
31642,489.12088170405036
31643,752.2089802283631
31644,1251.844953444374
31645,1432.4841221525278
31646,814.6738519597135
31647,1281.4392169296589
31648,753.5517338462707
31649,1019.5260294705251
31650,1494.3476993064378
31651,573.3582456800129
31652,1723.5094622698227
31653,1331.3285751236353
31654,707.0005438304851
31655,1385.0280829887206
31656,1561.9661937600085
31657,1002.8083058274017
31658,1075.1393668239427
31659,1062.861714316829
31660,1117.2126749728207
31661,969.7287179337306
31662,1005.9751712190451
31663,745.2211135938677
31664,772.7836524622882
31665,1073.936780940984
31666,852.8404219453626
31667,1130.358720658602
31668,1062.753212305424
31669,918.0659670367634
31670,581.319531636516
31671,585.3720661340865
31672,728.2905892309408
31673,1171.0228107658352
31674,969.1367350531741
31675,939.5607537353303
31676,966.3766297258685
31677,1114.5596711576832
31678,933.2369877872708
31679,333.9365130864214
31680,293.1985204659973
31681,357.88812266220805
31682,322.06757740909285
31683,396.5922828729505
31684,398.8904417135199
31685,516.9520362254564
31686,568.9752131472028
31687,616.9458149702167
31688,492.1632538743906
31689,591.6929133455723
31690,647.8912449895928
31691,726.085819981841
31692,905.8449695099803
31693,606.2661179120771
31694,997.3537569076922
31695,926.3411130330965
31696,945.7813293114207
31697,991.9186661347597
31698,704.7942353412981
31699,1273.4837061126893
31700,476.87942445023424
31701,192.32863819031598
31702,555.617136744081
31703,308.75912040676684
31704,551.6724431548107
31705,502.5849945748388
31706,321.56202430228404
31707,209.90610692974528
31708,320.12212135773996
31709,1435.3368703312158
31710,1555.8565451560496
31711,823.5367576194487
31712,1418.372056546792
31713,870.3868289032406
31714,1574.8322756138095
31715,849.0882967430664
31716,722.4759090477384
31717,1116.311572683461
31718,1198.3204827397976
31719,1367.6298116017222
31720,491.0299127429836
31721,403.7296408435131
31722,481.63954099598214
31723,774.9404280259198
31724,1412.7071998859954
31725,447.1203788213464
31726,1442.0763016662502
31727,1068.572585960513
31728,1181.3845917914693
31729,1382.678404186921
31730,1136.8861276702316
31731,1383.029079739126
31732,906.012686887724
31733,1114.0455148060173
31734,771.1264740038587
31735,569.9298980167351
31736,577.2486775845549
31737,776.7149077180126
31738,676.5918206370677
31739,822.6941902820967
31740,728.6495863773763
31741,1739.5406922828872
31742,926.441137539664
31743,1667.9125395245426
31744,1930.6395080448717
31745,1230.3638082064663
31746,1357.3973932193867
31747,1813.6614176863302
31748,1913.5494934406174
31749,483.0677637265264
31750,1812.1039057852374
31751,1454.6274834302499
31752,750.6776098310722
31753,1349.9191035201377
31754,1534.423473220557
31755,1010.8724040900128
31756,1264.6005719714387
31757,828.0678945732195
31758,430.8371693052333
31759,550.9238165734756
31760,941.9047613185022
31761,641.6290469502197
31762,1098.6018042407286
31763,496.82709881960415
31764,940.4679900034737
31765,837.2557926432388
31766,1783.0105507064607
31767,1019.5569731167903
31768,1289.7286438727292
31769,975.5286307112929
31770,538.3779400096195
31771,1658.3266063603169
31772,475.8343930818087
31773,1505.7356615406493
31774,520.972993959501
31775,864.2926847265686
31776,1456.0939816765795
31777,1486.6502826412204
31778,1293.259258363241
31779,910.2051314720097
31780,923.1958965011131
31781,473.9819277323358
31782,1215.32172042304
31783,573.6388471839218
31784,1314.428664178339
31785,631.990416053992
31786,808.3145403172068
31787,768.7622030979788
31788,790.6938283145712
31789,1928.9819299881758
31790,1018.319803257192
31791,1554.7961867950344
31792,1572.164050589485
31793,1311.4689222784418
31794,554.2176339452662
31795,1292.6533643449952
31796,1788.5513069670742
31797,1019.6503078469432
31798,1623.7356791224329
31799,1264.9800334821841
31800,1424.1901806840701
31801,1611.5604073625004
31802,1400.2999514617884
31803,1312.2235012049996
31804,993.4517635272489
31805,1304.8736038237846
31806,1198.3127110660664
31807,789.8146486058255
31808,1243.6812543436113
31809,831.2479528545507
31810,1057.9915880134915
31811,1451.7022565471143
31812,989.7923963555097
31813,1272.0297380619509
31814,1417.2347808922948
31815,2210.9381082295927
31816,2066.4125616990723
31817,2092.0819364952276
31818,1742.9274144854771
31819,1984.601973587974
31820,1489.701323648159
31821,2116.2132927954726
31822,1918.0850225766362
31823,1720.395883613097
31824,1782.0284638239964
31825,1647.2041852810514
31826,1464.9979284528472
31827,1528.762363879933
31828,1314.7094122904643
31829,1171.8863827497612
31830,1375.3507758724445
31831,1366.210681565528
31832,1402.401613348141
31833,1135.4967524176093
31834,1435.086765949954
31835,2136.8795367482776
31836,1331.7823682814758
31837,1511.1380230748528
31838,1755.3267316994063
31839,1758.6405157385304
31840,1438.1720557598098
31841,1561.2889713846973
31842,1006.6344533547142
31843,1332.530113192231
31844,738.5860818000205
31845,1435.0825904784926
31846,1137.072377233473
31847,1172.7657715138907
31848,1167.0041534074126
31849,1154.666326655878
31850,1179.9169291802828
31851,749.8464847277068
31852,732.3057758691067
31853,1205.7328590654388
31854,855.7322370773581
31855,845.4212280766873
31856,824.7578279091919
31857,829.266453791316
31858,1038.6064316951981
31859,598.6926690544589
31860,659.85832626368
31861,708.617076185998
31862,1065.1758641888864
31863,885.8652951828217
31864,539.885727991979
31865,533.6509242105811
31866,585.3358307441083
31867,591.179238716035
31868,613.275317711343
31869,563.5497471162573
31870,739.2626219432228
31871,688.4987932410307
31872,505.665677050262
31873,1195.6481797206416
31874,392.651075762751
31875,1724.7525039864759
31876,597.4950017963921
31877,1228.0337114127744
31878,137.22067814000712
31879,120.18772700163102
31880,269.92665474612835
31881,1379.7699469483177
31882,1357.5048303196963
31883,1354.629501604848
31884,1125.984470927596
31885,1022.1740403636115
31886,495.07213518681635
31887,500.5129239714047
31888,902.4382673274599
31889,665.9522168100599
31890,703.2788364868713
31891,806.6535636280507
31892,903.7251955490058
31893,629.442098684656
31894,598.4257383909137
31895,1031.2521833758483
31896,922.4829173081462
31897,484.5345021709637
31898,632.9020551961594
31899,1438.4530092855348
31900,541.4189112738725
31901,947.7343801420054
31902,590.9014038985671
31903,1003.2153272569265
31904,807.2817482476646
31905,1074.7723534545617
31906,1220.9095301510667
31907,1031.7558959653722
31908,907.4838373370773
31909,260.5401394326467
31910,348.02284525454303
31911,926.0941510311717
31912,662.8926297284379
31913,509.2957137512308
31914,420.76344137036835
31915,1481.3460922190166
31916,1585.6944311171312
31917,1437.456331175003
31918,1628.028143296924
31919,1430.362045028105
31920,1508.8874893552656
31921,1210.4718988993006
31922,1237.362813619388
31923,1967.0974082450432
31924,951.0474089434027
31925,183.62219659714606
31926,217.96372106218774
31927,30.072049048188013
31928,66.59302562936045
31929,307.6553849268544
31930,54.39037527064317
31931,351.20361667638076
31932,222.3162949439822
31933,25.602687299277466
31934,72.80632970363368
31935,98.07595111764618
31936,135.89129505558756
31937,329.0079912324345
31938,381.8117545128473
31939,431.34720794041135
31940,212.01741283341644
31941,668.7746824791051
31942,515.1159124206524
31943,75.18791396983303
31944,132.96345124201383
31945,573.8466985296792
31946,183.34568915807264
31947,818.8456864645533
31948,675.5914103459313
31949,676.7127259476833
31950,191.79955594101406
31951,434.2407984366775
31952,750.7675947223712
31953,1062.9961576240637
31954,862.896625591002
31955,915.7497307074726
31956,638.9206469332743
31957,705.323077614731
31958,779.4718751282832
31959,915.7497307074726
31960,635.4100230760486
31961,844.4511948255521
31962,1587.1919623871302
31963,1410.398114531845
31964,681.4058734873006
31965,2050.606210763795
31966,893.9426409205108
31967,2100.698832044707
31968,1362.5880018349783
31969,1677.1975794906214
31970,1318.6819921174329
31971,1060.550172149399
31972,1656.8781880885479
31973,1382.2314413046083
31974,1013.6075337295871
31975,1022.4675002373359
31976,1178.0855635784785
31977,1096.5837499580982
31978,1182.7243958204706
31979,957.2807270343551
31980,800.6928617342019
31981,428.7942433525479
31982,1174.851460444286
31983,926.8164235450412
31984,982.1863257633995
31985,1366.5776293735823
31986,1628.7681824567496
31987,1494.4147590529117
31988,1063.9463849427702
31989,1650.8986064806882
31990,1496.7193417519056
31991,1858.3867240297136
31992,1767.5385989875435
31993,2087.91663709457
31994,2018.649761713515
31995,1186.2269863841773
31996,1721.2060916615883
31997,1245.3262667536624
31998,2002.5902895849483
31999,1934.164414087494
32000,1038.4964250177138
32001,1486.3711511712336
32002,1944.963498542898
32003,1051.5372042109489
32004,1048.9241058105008
32005,1355.0791689058767
32006,1658.5168184026513
32007,1442.4352707023304
32008,1125.79083159995
32009,1299.8626162757137
32010,1325.7952715758256
32011,1275.8993674486467
32012,978.574751240148
32013,1181.7759666844693
32014,1399.2375467408765
32015,1137.6250259065337
32016,1316.6427754535457
32017,1291.0266682697556
32018,915.6749801727246
32019,1125.2544852435944
32020,1247.8859060745585
32021,1083.8105316940148
32022,583.5515558140497
32023,841.4540716309356
32024,1060.9299125818516
32025,1026.6505811358354
32026,690.9078786440996
32027,374.0456533200922
32028,1103.8160506964496
32029,974.7925199539319
32030,1052.1031315905282
32031,1213.2966631096924
32032,1268.9692391483916
32033,962.9794236083803
32034,754.4900193270973
32035,1694.273370901782
32036,876.6065272003683
32037,1353.584185203968
32038,1174.0589318390082
32039,1013.421344797058
32040,1503.0843736346674
32041,784.0570487639077
32042,1192.0656343827334
32043,1165.2805768730784
32044,908.5966271790764
32045,699.78232177164
32046,211.63886243445654
32047,562.9743654112552
32048,882.6045925676851
32049,311.5741857528355
32050,249.82020405800856
32051,1113.6002530817457
32052,498.40528349930673
32053,1010.153900999652
32054,317.3514952269217
32055,996.1013998351369
32056,399.4340282133717
32057,325.1984527598383
32058,692.453227822796
32059,538.5898491287652
32060,811.1349098960853
32061,871.2095590408478
32062,896.0966460110258
32063,923.4984159499481
32064,435.1055999406595
32065,1498.3384267959264
32066,1691.5852520318517
32067,517.359045837071
32068,1667.8597080237291
32069,1099.1969185513924
32070,1758.6650118530797
32071,965.8878854212583
32072,490.8468774905409
32073,1433.0273984338894
32074,1740.2300379573117
32075,1744.3789154559988
32076,990.9556996539362
32077,1870.1238531573595
32078,940.981527285427
32079,1493.5542976213196
32080,486.8192344080656
32081,531.5479959500732
32082,504.0599654652311
32083,162.83391063753447
32084,648.2385821768075
32085,751.3048809900822
32086,337.5941027033383
32087,416.84262186276374
32088,264.1686298299154
32089,662.0909353210782
32090,1034.568651889271
32091,577.5209964692965
32092,1099.0137496096052
32093,1171.479148052851
32094,577.4796704549341
32095,325.5772934802002
32096,706.3966745772491
32097,492.5608194449675
32098,637.9544553986493
32099,935.4049777018182
32100,1112.5124486255884
32101,509.54422082616736
32102,1780.1889012138054
32103,1948.9006787474304
32104,1643.1192310514011
32105,1765.3233569750066
32106,1700.4440167898288
32107,1399.743437679446
32108,1400.5338068127708
32109,1637.104313538558
32110,1952.1224711149898
32111,1858.3831215029577
32112,905.6822587476458
32113,1308.0019265091466
32114,1085.2162636011842
32115,1124.3424634966077
32116,1325.037359810479
32117,1039.6978706630032
32118,1959.8524017254904
32119,1387.308658775408
32120,2108.1643806488487
32121,1740.6445994933008
32122,2067.9273402919976
32123,519.6893176199009
32124,1333.4173757789276
32125,1415.7070471607735
32126,2028.561633250138
32127,2091.6003763763492
32128,1576.3205855448068
32129,1876.4072694444585
32130,1475.6940236761066
32131,869.5064977624311
32132,1109.5495615755733
32133,373.0666576288164
32134,430.0000144222096
32135,755.5207480020017
32136,1524.6546551160156
32137,865.4538720914276
32138,1224.112134094316
32139,1131.9160095965867
32140,1079.6223843809223
32141,1158.509962742473
32142,1411.5785681764207
32143,1083.7476191564172
32144,1015.3322510692382
32145,1834.7173661073648
32146,1906.4952274006696
32147,1706.8021524740575
32148,1708.8055026158713
32149,1452.3345393507366
32150,541.617388474311
32151,1697.2006118118852
32152,2057.611407131114
32153,1746.675972286962
32154,1815.5010080903853
32155,1073.8295969305152
32156,1707.4372895372865
32157,1962.0737397612188
32158,1366.166117088964
32159,1826.1336557535906
32160,1868.043517749356
32161,1027.3428666715547
32162,1458.8467754196747
32163,1425.471239078617
32164,1202.20258785847
32165,2120.891209492881
32166,1134.6184878295192
32167,2022.182088346084
32168,2282.6801757392104
32169,1525.4674171971262
32170,1804.351145913574
32171,1545.0013227053041
32172,2296.3765845311063
32173,1804.9058189106752
32174,2144.078566276662
32175,1929.2489661971997
32176,1965.1286510049047
32177,1506.5562733245695
32178,1654.0361511106046
32179,2147.687428726054
32180,2276.220701085857
32181,1792.6659831630282
32182,2142.932667359923
32183,2057.7519664730016
32184,1836.6849262771339
32185,1839.2717722283187
32186,1754.1780238023089
32187,1815.9921359173018
32188,1897.3500712150965
32189,571.1055068536675
32190,1832.9888312098046
32191,1702.9020802195512
32192,1857.1660232796328
32193,2076.5964331275345
32194,1697.6993955732264
32195,2137.116984824572
32196,1833.1483542779024
32197,1060.6997497097009
32198,1997.91403195838
32199,1559.4086034924442
32200,572.16909667384
32201,1971.8076417529728
32202,1464.4985043573313
32203,1387.4835254922398
32204,1007.5962003016707
32205,1420.035662911112
32206,1446.810008089738
32207,1380.4266997726922
32208,1282.240605316705
32209,1246.03115059099
32210,1407.4160482976156
32211,1042.4264565203057
32212,1387.2728080788975
32213,741.4347544626922
32214,1097.3900589154937
32215,1371.2845329006464
32216,1900.747423506337
32217,487.26435422593727
32218,239.13901566285762
32219,325.74822088360304
32220,1072.9918848241202
32221,416.60040131970544
32222,639.5922260017152
32223,718.8984239918808
32224,452.79538195890916
32225,796.1063588384009
32226,271.8886443145745
32227,714.0794386267037
32228,587.9389542807592
32229,674.8864313732804
32230,483.2702044647427
32231,646.7733388374521
32232,434.0887729241744
32233,475.3817444591439
32234,109.40705748748142
32235,131.843286624814
32236,1185.7339201917016
32237,651.5803135236409
32238,1074.5413709747502
32239,374.0456533200922
32240,1485.6028314659034
32241,1210.9904970498017
32242,1323.8984666035692
32243,1000.1710236659045
32244,837.048040095444
32245,970.429290178488
32246,1265.3166613396827
32247,237.23978887899094
32248,313.1394479809566
32249,1582.4720845078234
32250,1302.1318408882817
32251,1357.6919831083158
32252,976.125221184796
32253,564.6810610212552
32254,1306.1228798404186
32255,1145.3811968500954
32256,1388.4109376698873
32257,1947.6760414612265
32258,1004.700009387219
32259,2105.6870226787028
32260,1432.9261067832954
32261,558.2786141864766
32262,1583.6839423329798
32263,1714.199370305175
32264,89.64991571913492
32265,121.67365527713424
32266,1523.185546030414
32267,1077.2023765138658
32268,990.8372317691191
32269,511.9015946412668
32270,1202.9830022149008
32271,1519.2558942636688
32272,1356.9317259621785
32273,1406.1188171950187
32274,1050.2416711293542
32275,1609.1602033510976
32276,1295.539691670294
32277,1044.2960815771
32278,729.3077170587735
32279,400.7135119117785
32280,293.9042448122333
32281,361.31169637855834
32282,720.3267353858872
32283,424.259590205122
32284,653.9243475977406
32285,461.33155144729966
32286,479.29424058563467
32287,584.884266681011
32288,595.3174879763383
32289,811.9172052332074
32290,588.9237239601879
32291,565.2908884028083
32292,161.91435580009028
32293,196.7958861431295
32294,145.6189907692422
32295,103.60368304065275
32296,416.0731214690927
32297,261.39515311476566
32298,151.32837911075904
32299,72.78664167408976
32300,151.97233741749685
32301,227.49444900515988
32302,368.7501963036395
32303,1173.534392105077
32304,360.5725091929844
32305,590.5940688746405
32306,1149.8337945370906
32307,907.5015610625118
32308,892.7864590078245
32309,977.805955904848
32310,968.9912148110656
32311,927.7759409323221
32312,858.6339740850439
32313,367.90582530816755
32314,570.8101468456356
32315,1279.9986531561344
32316,703.6426760735749
32317,2144.6167777119613
32318,1173.4680638660914
32319,1682.7986221371432
32320,1177.0939713762941
32321,2165.0618919061885
32322,2030.5738624563132
32323,1988.015602853629
32324,1742.2751685556013
32325,1869.1879076729404
32326,1727.8680689537762
32327,1499.1381724117855
32328,2085.645229592218
32329,1492.2672049412952
32330,1740.1990213073746
32331,2172.285932940377
32332,1634.1439226068862
32333,2076.336233290236
32334,1924.003519542916
32335,2152.0163093064293
32336,980.1766965857049
32337,1926.333145228364
32338,1034.4923521988976
32339,987.5041473948546
32340,1024.0938354968719
32341,1377.908961832033
32342,742.1063169390363
32343,1393.4992106503316
32344,1480.1954985842879
32345,1079.82185576219
32346,1216.5586612158272
32347,1231.350897847727
32348,1116.9951218934254
32349,1511.0285486848124
32350,1452.543424433203
32351,1363.7564887030192
32352,1239.1191579734377
32353,1380.9199029641352
32354,1132.6387683315666
32355,1384.7088537269808
32356,965.7801339551602
32357,1192.4906824336028
32358,877.956344158187
32359,862.2606074251901
32360,620.5844575457822
32361,926.9426043804174
32362,466.70867722705555
32363,345.2984842464809
32364,1409.7226580916335
32365,977.7225523097059
32366,1039.6067168963998
32367,343.4987206032972
32368,498.395357084576
32369,512.3402984455554
32370,760.3009480169704
32371,1342.8135067445558
32372,860.225113234448
32373,1896.8052861528577
32374,986.3124941243528
32375,1920.8914433444793
32376,1325.7711235563963
32377,1572.1009018328223
32378,1314.0183607265546
32379,1688.6701780317562
32380,1996.064594705019
32381,2007.9321406489278
32382,534.1324630357341
32383,1029.4499057784815
32384,1378.7401685735044
32385,1436.8661513229836
32386,842.6779329914974
32387,1405.3216307949972
32388,1097.436788163695
32389,1306.6211073750794
32390,1412.4978656818973
32391,1241.1000184417278
32392,1136.7922327359656
32393,1932.9614972240197
32394,1690.9629859462646
32395,1365.9748585371601
32396,1751.4631735797186
32397,909.0193517615903
32398,1803.2028469865054
32399,871.4499712178648
32400,833.5020529136938
32401,964.8193560580874
32402,1152.9096378558452
32403,948.170421479297
32404,640.7788093774808
32405,1565.519662611442
32406,950.9242565457027
32407,733.4396004518177
32408,273.61145133493915
32409,717.1658362912095
32410,909.059907066713
32411,732.2651555275543
32412,996.7683201623838
32413,708.5681359092692
32414,462.27038419613643
32415,661.5451332920484
32416,1207.283907737742
32417,730.5771428861523
32418,1091.4494061695868
32419,788.0912735582598
32420,625.8779048355801
32421,852.4921836327507
32422,483.87832898856044
32423,411.6124761252256
32424,504.3740792777754
32425,505.326559362199
32426,526.4978852599935
32427,652.1718373527493
32428,636.8519805469732
32429,691.8459921217708
32430,403.7880243560933
32431,1052.2612491932703
32432,581.1912989626599
32433,1240.9740812331665
32434,1536.4938012958328
32435,877.7127478247139
32436,860.4288468695986
32437,929.0251462513247
32438,693.5773293179618
32439,547.4952957207187
32440,283.1024447332962
32441,398.9828762570954
32442,1364.5333630157477
32443,438.81735916001634
32444,782.7554956462592
32445,472.162718902068
32446,708.6597994009118
32447,318.002160698898
32448,672.3245845511645
32449,483.192461310429
32450,687.2860318386065
32451,209.27332165562046
32452,238.50081967291652
32453,115.1675472068972
32454,494.42154650888665
32455,84.4953372075486
32456,226.71723088589914
32457,234.48347696753237
32458,243.8726436065639
32459,276.78616956468386
32460,86.36343402957715
32461,143.72105529385806
32462,192.42322006858
32463,240.49847783811614
32464,224.83606824501553
32465,282.9229230675592
32466,383.3876093069579
32467,389.78066562502073
32468,825.887276808154
32469,560.4276288331389
32470,520.685599611299
32471,630.9502892232156
32472,723.8067903570084
32473,609.0433167438655
32474,330.31314627886934
32475,130.2423880177177
32476,561.1372721485192
32477,301.9293432936617
32478,297.99975977038713
32479,195.43031859279182
32480,159.67789364867951
32481,362.7283039040981
32482,673.9373347627062
32483,1721.5541600710135
32484,953.884857738967
32485,1808.4947176479905
32486,2038.059716502488
32487,1346.6850040101644
32488,1401.9066458868895
32489,1902.147586193374
32490,1416.9006421935703
32491,1453.8481266940546
32492,1058.1768046484733
32493,1567.0464489092915
32494,1520.0738202115394
32495,898.9992219338038
32496,1273.0215631694477
32497,1570.7846463969277
32498,967.3995960859066
32499,1537.1496811307866
32500,916.5887573821985
32501,1225.4486417232633
32502,1472.2631395895398
32503,1773.2516781106667
32504,1634.0896653618756
32505,1488.8938529284308
32506,1756.9973108851286
32507,944.589604653141
32508,535.6741816607064
32509,1949.7211807136996
32510,1203.7789722825103
32511,1440.844498853428
32512,472.82769910384496
32513,1080.7695589701023
32514,1154.4442687982707
32515,507.5825460462212
32516,983.9797364756446
32517,1270.1326434194038
32518,1157.7519261262937
32519,1144.922401509385
32520,644.6109429857318
32521,1264.9095044804778
32522,625.5461966650098
32523,813.6283558099486
32524,625.8647719858732
32525,673.0862459357547
32526,412.3543507827713
32527,1093.6706517674756
32528,291.092514956862
32529,1126.0293245935522
32530,720.1328169332093
32531,664.5887181184245
32532,435.3158823330771
32533,633.3586685771434
32534,609.515664095579
32535,1016.431136950025
32536,1021.4662933480474
32537,746.4903394772076
32538,236.02729383649677
32539,783.2501309043562
32540,345.6381077011433
32541,269.6561007987045
32542,1254.604419167718
32543,341.93724125708815
32544,868.1749560615644
32545,945.283484839453
32546,272.565592043652
32547,497.392169419706
32548,733.2313269732317
32549,395.33489410858175
32550,712.3355268662317
32551,1325.6703998463563
32552,711.604712622601
32553,778.2459241325228
32554,1181.5511204557397
32555,1085.9268477087685
32556,1163.7332446017256
32557,1102.2490475934096
32558,1274.4896211758376
32559,2240.017514378627
32560,1109.9961031841117
32561,1337.308613020431
32562,1577.6171930451903
32563,1559.5811075662698
32564,1216.7368156421928
32565,1167.878584540081
32566,841.7961565738918
32567,915.4894022575717
32568,827.8218478299647
32569,986.8826830007752
32570,701.4061747157391
32571,777.3548266842796
32572,653.292376577204
32573,702.138146744857
32574,674.9196848198981
32575,1169.821173237487
32576,1157.282678156714
32577,1142.816985942991
32578,1062.400675485718
32579,760.7336905021099
32580,479.16329568726985
32581,929.0868203216241
32582,675.599385296846
32583,704.7368868768533
32584,645.5421989782847
32585,743.9676104526058
32586,1076.626897071002
32587,1250.3076171977839
32588,1661.5193129264455
32589,1450.3536175201748
32590,1015.4011542525911
32591,1073.1443771785116
32592,1832.363591086202
32593,1704.9441333248271
32594,1689.2679054553282
32595,1461.9197778630316
32596,1065.530642273674
32597,1627.8717843921038
32598,1037.320576704795
32599,1702.3034374941733
32600,1536.7051612444818
32601,1855.625922460608
32602,1075.6095155309736
32603,656.2851832988815
32604,1324.2959829462231
32605,1339.024213493854
32606,1812.687034954925
32607,545.9121719012219
32608,1754.0867049032079
32609,1627.2121566005499
32610,1711.2363418594748
32611,1253.7379113799261
32612,997.7727504590099
32613,1292.8136638582184
32614,1030.0104169933359
32615,2106.6551423145493
32616,1075.02721056056
32617,1276.7706097345124
32618,1741.475490195806
32619,1651.0623804985532
32620,1167.4995524149736
32621,853.6682965714451
32622,810.5297159963939
32623,1147.1751663839127
32624,766.2335730222608
32625,602.1134799297857
32626,697.7238330456232
32627,728.6501112419547
32628,640.7966292541996
32629,479.6664870726854
32630,630.2947687326134
32631,699.9651399306604
32632,509.70201097827913
32633,833.0512391938062
32634,774.3439442698108
32635,997.6190340001385
32636,518.1270884559389
32637,751.4925610449776
32638,728.6565833062683
32639,1067.9628701286688
32640,673.0868938654811
32641,860.5529412346303
32642,966.9867664974357
32643,1255.569711127578
32644,1135.3002653471722
32645,948.9078788646968
32646,753.6212736947222
32647,628.0375567488768
32648,826.2758843796314
32649,774.5091029288648
32650,547.8823875258379
32651,579.7026815431049
32652,729.770453567003
32653,731.5510412972245
32654,430.44588865659716
32655,341.7238431643782
32656,326.8841227329604
32657,800.6782290109368
32658,278.8800844708524
32659,1325.943173721365
32660,1699.876964567416
32661,817.1980955543611
32662,503.95829773266877
32663,999.973023938965
32664,621.7742544002307
32665,1093.3147189928557
32666,1058.898791704495
32667,901.7550891691989
32668,1212.5713499799263
32669,893.8794211002455
32670,567.3408507906194
32671,1906.731164463786
32672,967.3459415912024
32673,1375.6424946666252
32674,1695.231863670296
32675,741.9616317528398
32676,1753.8773993357117
32677,985.01825616571
32678,1831.3246646085909
32679,1515.240265132379
32680,1895.6293918730853
32681,1587.0216651321016
32682,936.5576393820601
32683,628.7527667536975
32684,962.4692293530507
32685,901.252094295762
32686,597.8185114587114
32687,646.3986307545516
32688,1075.0868158478593
32689,656.1553158633833
32690,826.7224223869221
32691,855.5234754754819
32692,1281.875856945054
32693,855.5693345606646
32694,619.879111012359
32695,704.9308880493021
32696,468.03782841277285
32697,1563.3503612296092
32698,1295.345658885754
32699,1307.2586019887174
32700,1109.7204355738102
32701,1440.7060841677942
32702,1216.7738263864123
32703,1274.2065343742877
32704,1552.9595881336872
32705,1358.6971059106527
32706,1390.1930176812818
32707,1437.3605581187617
32708,1574.249360117356
32709,1386.694295098196
32710,1648.3440349618595
32711,1089.1099719087968
32712,586.2689520652929
32713,909.0773756841384
32714,399.49540539504005
32715,524.9992910043334
32716,637.4553115925454
32717,738.2480184576942
32718,1128.5109102397744
32719,723.6651744284397
32720,1074.7654768730802
32721,1701.0113889431034
32722,1645.785608500574
32723,1669.0189452205939
32724,1100.6937414466595
32725,1102.887234771456
32726,1444.5309547520194
32727,1368.2896508950364
32728,1759.7801530285824
32729,1559.659586376058
32730,1140.575621825897
32731,905.0958579008361
32732,1343.3350597680042
32733,1584.1114678129493
32734,550.4052952038464
32735,1839.0503254193152
32736,2170.0053763307646
32737,1939.7521786833133
32738,1034.6325265499947
32739,1348.4359219292928
32740,1273.7613806319916
32741,1615.0377919792386
32742,1624.756459802039
32743,626.8204772980914
32744,1604.9592905601153
32745,1666.7914897174007
32746,1382.9754119926886
32747,578.3813958087287
32748,708.4404222250166
32749,794.5163531123492
32750,1307.4279896533162
32751,1097.1818426296568
32752,1052.813562368219
32753,1025.9168233169119
32754,1340.6957901694568
32755,1313.2644453046116
32756,1502.2344143866683
32757,1420.3175936950086
32758,421.5477080280487
32759,1389.980892893331
32760,952.3042632767707
32761,1012.2954455843314
32762,1151.5495909334493
32763,503.2838981413083
32764,1277.6082838349373
32765,1333.396551516437
32766,1088.2405849750353
32767,1139.2722008926949
32768,656.2858983960268
32769,684.7081129826945
32770,1874.5417399782955
32771,1920.0255259193175
32772,1601.7059915469408
32773,1209.4390155049657
32774,790.7687997382359
32775,1615.9346575628165
32776,2143.263369612701
32777,1712.2094640438768
32778,1464.3534132540067
32779,1548.5004590043745
32780,1490.9445783068722
32781,861.4908519363947
32782,1179.3897859975154
32783,1176.2718632925566
32784,2015.5239254406315
32785,1179.508864483522
32786,2101.7692093591168
32787,1159.4132020231766
32788,1174.1289865988203
32789,1380.3544589373994
32790,665.2973643241564
32791,510.98763059456394
32792,789.578651360691
32793,1205.6851191359099
32794,948.5430696866567
32795,622.405985705247
32796,868.3734866688491
32797,384.47793071281234
32798,434.07386260820863
32799,354.72039810386514
32800,893.3822867467027
32801,435.60770525681
32802,418.6135632737247
32803,465.5936134812623
32804,947.3383303131383
32805,934.4438208553076
32806,1210.2006866375716
32807,1184.972005872532
32808,1330.732942536653
32809,1274.9348974576176
32810,1018.1727317341332
32811,865.8709368067208
32812,656.628663581261
32813,739.2669316959186
32814,642.7509046451576
32815,625.4798533575894
32816,587.1223660378879
32817,566.1867550179578
32818,261.12518766557514
32819,379.4081182779807
32820,408.71822083637744
32821,274.57635043923807
32822,369.8363240021207
32823,496.64661117961657
32824,330.67434191522284
32825,408.26367039649324
32826,448.63492620243005
32827,538.9828520996477
32828,375.1732106492046
32829,400.1806475705231
32830,265.55975190918906
32831,1204.3287667911227
32832,583.0758879390114
32833,568.7094610239349
32834,791.3035447643863
32835,1135.955375288136
32836,408.9114167626895
32837,1002.5468795642921
32838,739.790515484076
32839,1927.4929450884388
32840,1622.3945605873848
32841,1521.029814598524
32842,1762.2048075682865
32843,1360.785635676821
32844,1758.9610795721956
32845,1630.5299128936806
32846,1765.8006585244418
32847,1775.1029107033144
32848,1723.6138348823497
32849,1629.116753030068
32850,2016.8808890054718
32851,1892.9598495839427
32852,1796.6194312743262
32853,1376.9988559357143
32854,1342.5898240109454
32855,1114.780179506716
32856,1299.4116205248722
32857,863.7486790728188
32858,1392.2230596927368
32859,1175.8896272778802
32860,1120.0423347093
32861,920.0021705604111
32862,997.3158710645026
32863,267.2792087337572
32864,451.9491231860253
32865,685.4844779788796
32866,841.3959185264675
32867,1837.2968227383647
32868,1329.62832478054
32869,1955.1752528532704
32870,2079.6928466375025
32871,1904.8687454316787
32872,1714.5840649703127
32873,1334.5156825386189
32874,1468.4213581885917
32875,345.59065311865254
32876,497.1367010039891
32877,603.9487212827546
32878,478.0903127469127
32879,936.0485510457208
32880,549.4543210461434
32881,1402.7160866972624
32882,842.7869802815079
32883,373.07066382532065
32884,1029.1025464121458
32885,799.24952798066
32886,706.6140134714336
32887,104.6440859415873
32888,206.7663821033045
32889,347.45481668456114
32890,556.1399829550932
32891,524.4472343799413
32892,668.8984967584374
32893,949.881603897098
32894,1243.8362328702683
32895,1169.316020343123
32896,1411.6021777641922
32897,544.4730689652722
32898,806.2465160196381
32899,1099.2907549207844
32900,805.4711503194972
32901,999.3931699985025
32902,960.6739224103902
32903,568.9663608015419
32904,823.8790535754133
32905,554.1822833395352
32906,1419.8041264450567
32907,1729.8174542455984
32908,2250.9487732012813
32909,1840.3641277577879
32910,1373.267680062159
32911,1994.5742954775797
32912,1172.1700075917233
32913,1784.5686914143569
32914,2234.252329123929
32915,2067.5667909060876
32916,569.9145024118216
32917,1876.807454703397
32918,1749.3601274251093
32919,1705.3247557790223
32920,2131.963931907447
32921,1801.5726519183695
32922,1583.237371434951
32923,1541.6753785700366
32924,1317.6347845452185
32925,991.3504871288537
32926,1368.8175186559513
32927,1833.398827795676
32928,2112.9693020345408
32929,2156.5991780664467
32930,2031.4998923045323
32931,1634.2171539945155
32932,1311.5824071090367
32933,1116.641850108123
32934,1402.6542466529802
32935,1440.6620005052257
32936,1389.738481630322
32937,1067.8604219656086
32938,659.8292430151836
32939,1259.4108797992335
32940,750.6757583587297
32941,1043.1080577246341
32942,543.642407037824
32943,762.471275098127
32944,1422.5519000752354
32945,995.4746722999852
32946,494.20819230921154
32947,1114.4661362698068
32948,1194.8795563792296
32949,721.7075405867058
32950,761.7954448600208
32951,884.8691791691743
32952,1392.4561525258168
32953,778.1175909295981
32954,1307.6362089038905
32955,491.10843890327874
32956,468.3967706888412
32957,694.361783204005
32958,1017.0071439878943
32959,1149.3685597173785
32960,1630.9821724380463
32961,2068.719056269629
32962,1847.7080272332785
32963,1754.9752230655968
32964,1558.3720415777623
32965,1646.686278748933
32966,1530.0008899705754
32967,1882.0521585998454
32968,1457.8522592983895
32969,1845.137976084719
32970,1735.2004406092105
32971,1890.5770582401863
32972,1784.7426147204903
32973,1025.002114927224
32974,1051.706071773046
32975,2074.2666627719273
32976,2195.5748616699307
32977,796.8479617123479
32978,1077.8693131674327
32979,1913.6823736538245
32980,1718.5263992094353
32981,1814.6486163661896
32982,1509.9515684070077
32983,1730.7269763694744
32984,1753.8123348714837
32985,1664.024884636176
32986,1661.9167427447592
32987,513.0721829962765
32988,1672.248600052305
32989,1941.1135755239218
32990,1789.1788471651703
32991,1915.5080175690202
32992,1398.804088580455
32993,1337.3277941507556
32994,1636.6306828702802
32995,1643.9413780518723
32996,286.6362025195467
32997,1102.3131294077616
32998,208.22038094038953
32999,382.8107159589215
33000,622.8831827362461
33001,663.5300003263305
33002,1258.6383248936297
33003,1172.1493037240284
33004,750.0965320193368
33005,1026.3184146548992
33006,1017.6971051323843
33007,1746.0982212018287
33008,1167.7998532541237
33009,1581.0964254522175
33010,1334.003045532683
33011,1571.968518103866
33012,1015.3732560745794
33013,1056.274409444891
33014,1858.8223465778442
33015,1847.4471787056784
33016,1208.1249473012383
33017,1355.133724541922
33018,1493.733792883332
33019,444.0910149428671
33020,384.2598609992063
33021,428.12238471771605
33022,705.7933305675301
33023,499.5046667853895
33024,849.2226563315402
33025,955.6584671511919
33026,831.3765361256696
33027,586.3333392765804
33028,752.070618863245
33029,1082.0038222651326
33030,670.3864008969666
33031,1302.968504922626
33032,917.7946964956697
33033,850.612460551348
33034,1362.3472916077608
33035,871.8133996740285
33036,1402.6043519065322
33037,1109.5589912719217
33038,1459.7434616032624
33039,1218.5150842215755
33040,438.5315721873688
33041,807.0234918666105
33042,859.2429954026625
33043,585.4694967217703
33044,758.7750378720248
33045,1454.0325903540684
33046,1041.9929476984341
33047,959.7298824996135
33048,1429.2837371359772
33049,932.0586385807893
33050,1507.8542051939294
33051,1218.1330348836345
33052,1628.9188066551667
33053,1250.9611320440758
33054,915.7703214680118
33055,1009.5876290132129
33056,613.599440284862
33057,991.7393664973522
33058,1008.1158588128608
33059,1046.8375373599345
33060,1063.0679976632873
33061,1088.230956857346
33062,850.4904873856592
33063,1556.229824096103
33064,1267.0863562373665
33065,1098.9274683992958
33066,1116.0150717861484
33067,1244.3412346900766
33068,1932.1976563541664
33069,1938.3654794452605
33070,507.0088755842672
33071,2022.8810329836147
33072,1827.641374443609
33073,1290.6544512897008
33074,752.7257300087251
33075,1546.923275914028
33076,1643.4019908538326
33077,1767.3144845493346
33078,1830.5336231847482
33079,1764.5853126192947
33080,1586.4834453965175
33081,1215.0617033587107
33082,1284.5555529172318
33083,1244.713546242858
33084,1081.2815289323764
33085,1397.4693279153303
33086,1564.7180573186743
33087,1439.5412758082666
33088,1655.4697919087725
33089,1211.2806001251608
33090,1630.491645858159
33091,1703.097218247827
33092,1824.0129743776195
33093,1603.540905682477
33094,1378.794585123555
33095,1744.332408428014
33096,1548.9117437441573
33097,526.0455083826657
33098,1958.547342036328
33099,1733.4724699136061
33100,1847.2247935520718
33101,1437.4815487486737
33102,1260.9597625747128
33103,2056.4553687890616
33104,929.8062667327149
33105,1150.0252020311887
33106,1331.9457340660424
33107,1302.4681788024338
33108,1963.1804437232843
33109,1340.8948450893965
33110,1304.5561239031927
33111,1038.2246104013725
33112,970.9940655944504
33113,1090.357060868647
33114,1366.799118351361
33115,1305.3808251319474
33116,854.1924639389619
33117,452.92606411253826
33118,835.8805803414608
33119,443.2077914764736
33120,376.2947552931689
33121,323.62091771704223
33122,427.1285877302191
33123,403.5759364327219
33124,449.448417183458
33125,227.37825632082877
33126,730.1971175950035
33127,192.3296744923069
33128,240.5713672562571
33129,614.4860235210684
33130,429.81924167477536
33131,721.9400097996245
33132,713.7586820846667
33133,634.6685216848103
33134,290.96366893689236
33135,236.80205064460168
33136,222.3162949439822
33137,617.9632719241639
33138,394.06113827030606
33139,504.57961944093137
33140,96.56685032924159
33141,66.15676692114621
33142,265.542739574992
33143,392.3405949316216
33144,619.9880677550967
33145,323.570977086841
33146,197.86735665872274
33147,120.72452299967152
33148,414.6991674736832
33149,262.1618321130774
33150,60.51093762134309
33151,117.97982753891672
33152,127.49210254812894
33153,232.7655485187715
33154,354.42386546245103
33155,311.40548169050874
33156,410.1052129348174
33157,535.2983693940591
33158,239.87143722040133
33159,517.7252556211479
33160,263.61205142880254
33161,393.9439775899414
33162,558.8576940592515
33163,432.80446246678696
33164,424.7060470214516
33165,335.51296625816286
33166,619.0163625758828
33167,378.38777708001635
33168,465.2925457073121
33169,668.5488701584201
33170,557.6175815590948
33171,656.9859225778367
33172,834.4642370294977
33173,641.7045009980956
33174,430.62459887629973
33175,534.6088902064218
33176,372.8886279318691
33177,272.83432858547127
33178,310.8570335741046
33179,369.62987457673324
33180,394.3546316636284
33181,383.43466411701326
33182,384.2682203580158
33183,812.9823578417327
33184,352.69037417122973
33185,409.3423543767167
33186,279.55293239379995
33187,942.8824640866852
33188,1468.607785717245
33189,566.2334470094852
33190,908.5636214317325
33191,807.0761353522279
33192,1006.2596036067599
33193,985.7836677915544
33194,1117.760649945718
33195,1203.7449982485139
33196,941.2293158702506
33197,792.8649265552357
33198,1356.7956250696195
33199,1170.822609461209
33200,1104.569329791006
33201,1092.6350379329353
33202,471.338880387725
33203,684.9903690904437
33204,980.7405416292811
33205,495.1432731546734
33206,1008.9872628042078
33207,1053.1977826865066
33208,718.1444617804506
33209,1255.0519144887126
33210,688.8640940848459
33211,1099.346649895291
33212,1116.6589860935542
33213,795.8381406310913
33214,321.1213216870427
33215,880.5100844635933
33216,889.7229327337994
33217,1018.6945629010191
33218,591.7283193926402
33219,563.7046144815466
33220,428.44948656755054
33221,772.331371675619
33222,673.9728511299166
33223,1270.7539646451655
33224,1160.3212422816753
33225,879.3666106592085
33226,241.21841336123768
33227,492.9007963354362
33228,478.64614157775986
33229,554.1688449107537
33230,935.4495964673017
33231,395.44078338027873
33232,604.7559519287055
33233,682.8301836818528
33234,942.2207177914437
33235,663.7148120982221
33236,1171.1508486490568
33237,975.7152733403097
33238,1099.5919607110009
33239,1015.9636986798608
33240,754.5993579228576
33241,1416.1880747524608
33242,1498.682922821392
33243,1538.4786956971834
33244,1560.8771521685542
33245,836.1806890732234
33246,869.3383481087072
33247,699.1522458274025
33248,464.3303406504341
33249,806.6974833315871
33250,809.5765505024126
33251,699.636423437711
33252,715.0356472357236
33253,682.0136641827331
33254,575.8402344722912
33255,1031.4844943673254
33256,1184.9602498134525
33257,1080.2371152897824
33258,697.7929684866749
33259,542.7947247189169
33260,502.7144145737993
33261,594.6604903494489
33262,744.4436072109258
33263,445.73284958958715
33264,392.28685575410555
33265,1342.103861703953
33266,1099.2629015051361
33267,1002.0501358208365
33268,876.3461488996409
33269,1510.6373756909286
33270,1466.4674928540667
33271,1269.4331041931139
33272,1574.3208611409655
33273,1567.5543555906459
33274,428.7942433525479
33275,1522.4431893441183
33276,1146.4746827192175
33277,1076.4224396230684
33278,995.1879589867411
33279,969.9055405413635
33280,446.72478875969824
33281,466.02318647793106
33282,1600.5275825267186
33283,1274.3914504582092
33284,2075.863819952918
33285,1038.6826191291123
33286,1015.2416817126613
33287,2047.8081669734638
33288,1589.7572938875633
33289,1846.2103425204787
33290,1662.1871663434601
33291,1896.2084597251796
33292,1698.6177085259067
33293,686.5672994062381
33294,999.8264448803626
33295,1885.710445124302
33296,1612.1977856397023
33297,1518.3199006776094
33298,1534.1593008442148
33299,1337.8140736212476
33300,1879.5029195470222
33301,1535.3274368944935
33302,2092.756924013144
33303,1719.887800843245
33304,1808.6682571803321
33305,1946.34260540805
33306,2005.5574050918985
33307,2151.3778746573107
33308,2130.6474769572314
33309,1530.8613293809613
33310,1503.6164062856747
33311,1968.7452056119064
33312,1420.3671465180746
33313,1371.3872069911083
33314,2041.2263867683503
33315,1653.8975400967347
33316,1804.7938194217636
33317,1584.9148350582025
33318,1848.6190807770122
33319,1530.3857223054692
33320,1269.396809989452
33321,774.0556670074008
33322,874.2392211727731
33323,1440.7157347286766
33324,1806.1081625512268
33325,984.6463340751054
33326,634.3144191058946
33327,1669.9509230560789
33328,1699.0533620956583
33329,2048.1740324028083
33330,2230.6369320534673
33331,1855.5609409037615
33332,1040.9430548513433
33333,1799.6908676301744
33334,1692.3195905556158
33335,1433.0425783802077
33336,1277.4105247387788
33337,773.5135573608403
33338,780.0042592360011
33339,954.1986541816898
33340,766.6072872305433
33341,598.6546076762588
33342,487.2795142322604
33343,384.6347990202501
33344,898.1534428119462
33345,807.6527373891624
33346,809.5513564890886
33347,935.6751608776655
33348,1655.2734840110124
33349,1348.0569380159156
33350,1559.2787745174985
33351,1177.5619884333726
33352,1384.2892589849444
33353,1571.472021442436
33354,1350.594788661489
33355,444.0910149428671
33356,1609.8732693477684
33357,1690.1992694782948
33358,1561.3825937200074
33359,1652.3621044518163
33360,1607.8287240067712
33361,1197.9205033540966
33362,1870.7279999337
33363,1792.3738248322784
33364,1717.5297691652127
33365,1379.7943624310894
33366,1068.797942753162
33367,499.9427307740551
33368,945.6716390289187
33369,1922.164341260886
33370,785.167557779077
33371,1090.0426378405602
33372,1069.8103405074096
33373,1305.0592472721976
33374,745.9133094295644
33375,530.5950581813846
33376,1014.5788634442878
33377,1333.57832531564
33378,1865.4513387019233
33379,1375.9465702561267
33380,1040.437300688138
33381,768.6551075945123
33382,1746.925300324629
33383,1015.8291694938115
33384,1433.5983797158847
33385,1301.9945000487342
33386,1650.1724337697597
33387,1600.4071709504183
33388,1252.0103822903866
33389,994.9469829414693
33390,467.6287119265431
33391,1062.406736911922
33392,1909.6291670849928
33393,1760.154336352149
33394,1673.162121827541
33395,1413.578873530902
33396,1461.8326148924803
33397,1415.065429847061
33398,816.3706535311675
33399,789.8276908822259
33400,942.1803643753317
33401,868.4795569007974
33402,544.0830345606421
33403,1637.1335257428018
33404,925.1457866151566
33405,1584.7088689646039
33406,687.7292379352608
33407,657.7089968686782
33408,2025.563486533951
33409,1707.4159939006468
33410,1524.7157352444256
33411,882.9210524923164
33412,1059.0911348067125
33413,1458.3641738312338
33414,1489.6323766861901
33415,1282.6476422634496
33416,1789.4711956048823
33417,1342.3192184327258
33418,995.1035265965967
33419,798.4111023340735
33420,1049.3179744344072
33421,358.91691965650347
33422,627.9300398674512
33423,549.7777653116827
33424,437.4685543657263
33425,1046.3444088614444
33426,1560.4495474625076
33427,1037.3408725998408
33428,1299.190825829338
33429,728.2191507029391
33430,931.3218386873007
33431,1223.4786653636454
33432,1758.4307328080886
33433,1649.6749912044413
33434,1019.3846941763132
33435,493.01442568126396
33436,762.4501341572098
33437,864.9007341510924
33438,942.7203965953724
33439,983.7591287813868
33440,553.567214409225
33441,703.5049788776912
33442,898.1325785607171
33443,1092.9553613561595
33444,911.9780255618962
33445,412.0637960090997
33446,367.3590123568058
33447,390.4453492408809
33448,463.1269316286235
33449,562.4179462204196
33450,502.6296159947999
33451,595.6857568993779
33452,311.99823477250226
33453,419.2506138141989
33454,1032.5511285646191
33455,693.650912948323
33456,721.9045477232796
33457,830.028102788725
33458,687.174995165645
33459,760.4052640054912
33460,1176.593863898222
33461,504.2509038795935
33462,681.1654157307779
33463,1246.8052133603908
33464,687.7116983763531
33465,413.7330616797473
33466,716.3807858741768
33467,643.3216397569071
33468,535.8229887434404
33469,553.2563952477254
33470,663.290689974059
33471,565.8537053697897
33472,503.80316092194334
33473,614.1907791686126
33474,486.89829142586325
33475,328.9038253267127
33476,204.45095995915912
33477,376.4359663167238
33478,1164.3281629261617
33479,939.087729685577
33480,790.6927014676604
33481,656.6522437252648
33482,285.6142154936106
33483,743.4997130476027
33484,317.3514952269217
33485,707.7493718198908
33486,1163.9379066822723
33487,1038.7726691366827
33488,512.8610639868078
33489,1214.3257046168192
33490,610.8819087679445
33491,1011.5913098230599
33492,1333.4662651743547
33493,1578.9773022757083
33494,1462.6886103451186
33495,1478.1296762089705
33496,1249.6812944016322
33497,940.7896049515005
33498,747.7985659061807
33499,955.5058998721386
33500,891.6338342391036
33501,997.3618760890786
33502,1518.010277564984
33503,898.8978075319898
33504,1705.6354582742918
33505,465.04711281231664
33506,1153.9871929480862
33507,1481.2609814137181
33508,1615.054943799409
33509,1462.5051706735148
33510,1284.4905310772094
33511,850.6077019867253
33512,1061.6609605925214
33513,966.7371056017155
33514,1406.84290895166
33515,1308.9752293898543
33516,1505.7097868672765
33517,1292.8202675998475
33518,1039.5661995966864
33519,1211.457937081642
33520,733.5370707103277
33521,1239.8200241740806
33522,1144.7007225553025
33523,1017.044541047688
33524,1140.8803387786422
33525,1354.3506426847669
33526,1185.772246722541
33527,1093.5749139189763
33528,1258.3763008509225
33529,1115.0378714505657
33530,1092.604351787413
33531,170.71416973651208
33532,314.53094209700487
33533,329.36772414366607
33534,483.69769587198306
33535,639.6738246787504
33536,413.21892920019314
33537,505.8249696012276
33538,602.289058689245
33539,1069.0864909661157
33540,1690.5751096368856
33541,1725.659248713866
33542,1815.1447873021673
33543,1234.4693468117991
33544,698.9202102193458
33545,1130.7126792276658
33546,959.3398706118829
33547,1132.7405249108626
33548,867.5574087972687
33549,488.94526530528884
33550,584.1759088251566
33551,1122.2167742269835
33552,734.1081820761973
33553,912.9324634022307
33554,786.9119170384747
33555,1159.9761569242119
33556,844.8073078122363
33557,839.4171883177112
33558,1207.6704072179768
33559,1057.6842448269615
33560,977.0537153377634
33561,1081.1589005230248
33562,1108.5515967656952
33563,1013.2227947315372
33564,725.8719484407015
33565,1121.0506506690256
33566,598.8997591462862
33567,1366.7459871438366
33568,1134.3736051477
33569,1520.8786468662026
33570,1095.8259506481502
33571,894.5311356696837
33572,678.3389827653347
33573,1423.7522082832409
33574,1107.4052298621223
33575,1510.7576771496585
33576,1375.706303793599
33577,1403.2406443044802
33578,982.2328160467587
33579,1038.744381489369
33580,846.6861375300547
33581,332.75419309471096
33582,214.4780578979229
33583,439.33047882016706
33584,554.8166469514131
33585,644.3120120482199
33586,426.5270936464374
33587,299.9496244118441
33588,788.547136110009
33589,888.4291896212942
33590,234.75780237891914
33591,259.0352399091538
33592,262.8733565499217
33593,374.82476434822075
33594,531.1583279698392
33595,209.47419477365264
33596,140.39674873356748
33597,334.07333868277215
33598,434.90983532217325
33599,192.18177365448574
33600,193.05519822195947
33601,357.2647605612623
33602,162.48038895486746
33603,264.2038732380756
33604,200.52520915276142
33605,420.52820448348575
33606,329.4472576523238
33607,332.67083124249547
33608,458.5487541246928
33609,457.14951208689854
33610,350.42802600003637
33611,300.3718943470376
33612,425.430701550589
33613,256.2217037960128
33614,475.1890335331572
33615,350.37959088870764
33616,606.7312839570449
33617,317.5922347607701
33618,516.655590408867
33619,565.3093119306616
33620,596.1203864549574
33621,350.18571640403434
33622,221.8471474394009
33623,298.04673230741736
33624,239.1851976614405
33625,178.45082823041153
33626,185.08997327918829
33627,163.9052440677291
33628,110.57306988424799
33629,243.22280535237613
33630,330.7392487669324
33631,489.9431191782659
33632,666.0560257918
33633,564.1598529587426
33634,595.491280333604
33635,160.41761994898354
33636,371.6061054999202
33637,817.6040155441232
33638,668.5388705516011
33639,448.9986441825252
33640,553.0708062409423
33641,857.713105440982
33642,896.5473565397349
33643,818.3448681135874
33644,742.805146525037
33645,1212.8793062770194
33646,1088.3021689231891
33647,1103.1420181716503
33648,1821.573661835906
33649,528.5454880326597
33650,1744.4513255722343
33651,1608.0136835060232
33652,1594.038484697878
33653,1713.7266587870333
33654,1453.2010885277493
33655,1251.6710887078207
33656,715.7127837369429
33657,1631.6902657795056
33658,923.1008512585516
33659,1766.5121586049213
33660,1272.5222002629346
33661,1627.5929949543968
33662,1407.9132263259798
33663,1739.5778471179676
33664,1329.322972926932
33665,1034.276460090154
33666,749.207427919549
33667,1192.2786460268353
33668,1591.0014306313979
33669,1702.842883953754
33670,1297.22459173642
33671,1971.4889496765868
33672,1958.5389769661458
33673,1788.2381173863
33674,1733.7116375547364
33675,1237.4172607335215
33676,949.9401993751749
33677,1230.099178994522
33678,1475.8469089786424
33679,772.9559725719878
33680,798.2140764799357
33681,995.1641147441178
33682,1502.412527135716
33683,865.18372165373
33684,1444.8166819245046
33685,567.114115203129
33686,1364.9563592160687
33687,1195.4591322925917
33688,515.040640271671
33689,1521.8014757751016
33690,1603.6664577451327
33691,935.8890657892117
33692,1739.0405940164615
33693,1113.7866898697107
33694,1435.5354875056032
33695,1788.22695315441
33696,663.2986547164935
33697,1540.924974762019
33698,510.7768696471511
33699,525.9309788137947
33700,1400.7473576020998
33701,1482.1964503201932
33702,1567.836378948767
33703,918.201853465878
33704,1577.4450217803933
33705,709.7352515857876
33706,596.8108300813316
33707,1192.8386373512387
33708,1403.7238802748002
33709,1458.9485541423117
33710,1507.7533920015223
33711,1041.92174503617
33712,840.1320589096825
33713,964.2247156542749
33714,973.2572101310756
33715,747.5265615479985
33716,1188.7729820048444
33717,546.9040240378248
33718,613.887339761482
33719,736.7954854018911
33720,599.2404451163766
33721,362.4828370788164
33722,409.4904934126559
33723,901.7385895973447
33724,1199.82871965092
33725,1501.13077756941
33726,681.602765759974
33727,664.4873703962443
33728,900.629779884328
33729,1954.4863636045845
33730,486.8192344080656
33731,1179.6974904421827
33732,1586.8077803269439
33733,1422.7167977468016
33734,1239.444189965198
33735,1436.8506713453703
33736,2038.4305883940845
33737,515.2968044369416
33738,1878.5249355016706
33739,1574.1990190769875
33740,1466.0434368502401
33741,2176.303592689516
33742,1297.6756131634888
33743,1325.2703342085997
33744,2047.4768402222007
33745,1028.1146788874057
33746,1509.6518677578536
33747,1559.6460886285163
33748,753.3289944581765
33749,1043.5032914462945
33750,2105.299568253231
33751,1456.3292710076112
33752,1779.4648035379626
33753,553.1275098995558
33754,1658.1715569454825
33755,982.0312651212076
33756,448.9256779643934
33757,687.5420696680341
33758,473.7651823883395
33759,884.6656731361566
33760,821.5812893491222
33761,736.5628718399939
33762,790.6914058696559
33763,1159.2644172197176
33764,651.030580133627
33765,835.6194745702248
33766,883.6648993409083
33767,1679.361492582439
33768,1204.5754147692646
33769,1464.32084335722
33770,1315.0374084207958
33771,567.9736148620221
33772,1587.5535186206391
33773,1402.7530369797914
33774,956.4152475839165
33775,716.8847988577563
33776,1658.5929559068422
33777,1332.7489481092402
33778,1209.1603688016592
33779,1687.5567863249921
33780,1453.515675609216
33781,1832.8114516099115
33782,2291.4915935338877
33783,1684.9328373879164
33784,576.3039370872372
33785,1200.0845655681912
33786,999.5681156694436
33787,1532.7161245682266
33788,1801.2217729874853
33789,1555.537314823143
33790,2024.7890357881254
33791,1499.002845120169
33792,1741.2934408807716
33793,2159.341038941245
33794,1819.845692699856
33795,1561.331685406643
33796,2084.8386792702395
33797,1749.91503086769
33798,1824.70789895604
33799,1847.5584559768997
33800,1928.1344026499603
33801,2011.5116293722124
33802,1570.6337485339805
